last_year,D_treat,n,share_within_group
2018,0,133,0.16440049443757726
2018,1,106,0.18027210884353742
2019,0,104,0.12855377008652658
2019,1,103,0.17517006802721088
2020,0,68,0.08405438813349815
2020,1,60,0.10204081632653061
2021,0,52,0.06427688504326329
2021,1,41,0.06972789115646258
2022,0,452,0.5587144622991347
2022,1,278,0.47278911564625853
