n_total,n_treated,share_treated,mean_own_share,mean_area_2018,p_fulltime_1
239,106,0.4435146443514645,0.6234163478135949,12078.004184100417,0.5062761506276151
